years,month,city_id,management_administration,financial_accounting,hr_admin,it_engineering,legal_services,education,healthcare,arts_media,transport,manufacturing_production,skilled_trades,csr,population,umemployment_rate ,employment_in_person
2021,1,1,33.43,37.71,34.03,38.36,37.38,30.53,31.27,29.09,37.18,38.92,39.31,29.09,415000,8,239300
2021,2,1,37.39,38.97,34.45,37.92,35.86,30.1,31,28.12,37.05,38.85,40.24,28.12,415160,8.7,238400
2021,3,1,35.97,36.04,34.19,33.41,38.43,36.2,18.92,29.41,36.57,37.64,37.76,29.41,415320,8.8,240000
2021,4,1,36.96,38.05,33.91,38.08,40.49,36.22,21.35,28.67,37.36,37.88,38.19,28.67,415480,8.2,238900
2021,5,1,32.52,37.71,31.1,38.13,37.15,31.59,29.95,30.46,35.01,38.35,38.62,30.46,415640,9.1,235600
2021,6,1,36.67,38.97,33.01,37.38,37.02,33.8,28.84,27.64,33.71,38.41,39.03,27.64,415800,8.9,235500
2021,7,1,32.8,39.3,32.17,36.74,37.66,36.2,30.36,26.88,34.99,37.27,38.19,26.88,415960,8.7,237100
2021,8,1,32.65,39.26,33.16,39.21,36.27,36.22,31.68,28.33,30.33,36.12,37.74,28.33,416120,7.1,242500
2021,9,1,34.31,41.03,32.43,38.26,39.98,33.46,29.69,28.65,29.29,38.45,38.81,28.65,416280,6.7,244200
2021,10,1,32.74,41.03,34.22,39.96,37.79,33.64,31.58,26.75,28.28,37.51,38.28,26.75,416440,6.2,245000
2021,11,1,33.09,39.97,35.01,41.25,40.47,32.62,31.27,29.67,29.03,38.06,39.16,29.67,416600,6.2,244200
2021,12,1,37.39,40.73,34,41.21,44.44,33.81,31,31.71,29.98,41.49,41.41,31.71,416760,6.1,243500
2022,1,1,34.14,41.75,33.35,39.85,43.77,35.09,29.58,30.63,31.33,38.19,39.46,30.63,417000,6,241600
2022,2,1,34.77,40.3,32.25,41.87,42.14,34.64,30.02,31.15,31.26,40.34,39.25,31.15,417252,5.7,241600
2022,3,1,35.14,40.97,34.28,41,43.47,34.29,29.34,32.08,30.97,37.83,39.37,32.08,417504,5.4,241500
2022,4,1,35.45,39.16,33.1,43.32,48.33,34.45,29.67,33,33.1,40.42,40.59,33,417756,4.8,244900
2022,5,1,34.9,40.8,34.27,40.52,44.15,34.22,25.86,31.25,28.45,40.06,41.09,31.25,418008,6.6,248700
2022,6,1,33.76,42.5,34.13,43.84,43.77,34.76,29.08,31.07,26.52,38.41,40.72,31.07,418260,7.1,254000
2022,7,1,34.93,40.4,34.49,39.25,42.14,35.92,31.02,32.06,28.92,36.69,38.68,32.06,418512,6.1,255600
2022,8,1,34.17,42.58,33.41,41.11,43.47,37.45,31.14,31.44,29.33,39.13,40.35,31.44,418764,6.4,256100
2022,9,1,34.49,43.01,33.26,42.48,43.46,35.95,32.45,33.16,29.8,38.41,38.97,33.16,419016,5.7,255600
2022,10,1,34.43,42.38,33.41,42.12,39.94,35.83,31.93,33.66,29.21,38.3,40.83,33.66,419268,8.5,255900
2022,11,1,34.54,42.68,31.82,41.26,41.84,35.04,32.18,34.32,29.71,40.08,42.22,34.32,419520,6.2,258000
2022,12,1,32.6,40.45,32.79,42.23,41.34,37.05,33.77,35.02,29.34,39.3,42.14,35.02,419772,6.3,258700
2023,1,1,34.86,42.05,34.1,41.21,40.55,34.86,33.38,33.6,28.55,40.18,42.68,33.6,420000,5.9,259800
2023,2,1,32.13,39.32,31.27,43.25,38.75,35.35,33.31,33.76,27.8,39.49,47.31,33.76,420252,8,258800
2023,3,1,35.76,40.78,33.03,44.25,43.09,36.29,32.07,33.74,31.78,42.19,42.68,33.74,420504,7.4,258600
2023,4,1,36.68,41.81,33.5,44.89,42.89,37.51,33.46,33.04,30.75,41.76,43.26,33.04,420756,6.4,259700
2023,5,1,37.31,40.27,35.52,44.17,43.97,36.9,33.89,33.85,31.12,40.1,42.98,33.85,421008,5.7,260400
2023,6,1,35.37,40.64,35.68,47.37,45.46,38.86,33.46,34.08,32.39,40.33,43.2,34.08,421260,5.5,262600
2023,7,1,38.39,41.35,33.5,44.38,45.49,37.72,33.89,33.25,31.87,40.81,42.26,33.25,421512,4,262500
2023,8,1,38.26,41.02,33.1,45.08,45.33,34.86,33.46,32.85,31.95,40.75,41.73,32.85,421764,7.4,263700
2023,9,1,41.26,42.7,33.95,45.31,44.64,35.35,34.35,32.15,31.7,43.24,43.52,32.15,422016,5,262800
2023,10,1,39.87,42.82,33.34,46.63,44.24,36.29,35.99,32.78,30.92,41.71,42.75,32.78,422268,5.2,265100
2023,11,1,39.22,42.7,34.1,45.99,44.54,37.51,35.62,34.26,31.52,41.4,42.24,34.26,422520,5,266900
2023,12,1,38.26,42.82,33.5,44.17,43.97,36.9,33.46,33.25,31.12,42.19,42.68,33.66,422772,7.7,270600
2021,1,2,32.97,40.1,34.52,41.11,39.24,36.32,31.6,30.93,34.99,38.6,39.56,25.96,4247000,5.5,2179200
2021,2,2,34.2,37.09,36.18,41.52,41.32,35.34,33.2,31.01,34.86,40.67,41.13,23.75,4248498,4.9,2175100
2021,3,2,35.24,37.83,35.7,42.01,43.85,35.17,34.42,35.02,35.51,40.01,40.67,23.07,4249996,5.7,2184700
2021,4,2,35.72,39.39,35,43.84,41.23,34.95,34.41,35.11,33.88,39.27,40.33,23.77,4251494,7.6,2206300
2021,5,2,34.54,40.09,34.91,44.31,41.68,34.69,36.43,36.42,33.12,40.73,41.4,24.87,4252992,7.2,2226400
2021,6,2,34.87,39.54,37.64,43.01,42.21,36.04,34.59,34.81,32.68,40.8,41.5,23.48,4254490,5.2,2266900
2021,7,2,33.76,39.6,36.06,43.78,40.79,34.91,35.41,31.67,33.68,39.36,39.84,25.15,4255988,5.1,2304600
2021,8,2,35.29,40.42,36.51,43.1,41.1,35.86,36.29,33.55,34.3,39.73,40.87,24.92,4257486,4.9,2308800
2021,9,2,35.93,43.44,35.79,44.16,43.09,36.85,34.45,32.65,34.62,41.1,41.83,25.66,4258984,4.5,2290600
2021,10,2,34.43,42.45,34.24,44.26,44.83,35.25,34.7,33.27,33.49,39.36,40.78,25.09,4260482,6.2,2289400
2021,11,2,34.83,44.51,35.17,45.37,43.05,35.91,33.74,31.28,34.71,39.29,40.52,26.25,4261980,5.4,2316800
2021,12,2,35.95,43.95,36.54,46.23,46.42,35.77,34.14,34.66,35.35,42.27,41.58,23.42,4263478,5.1,2335100
2022,1,2,34.19,43.47,28.74,44.69,40.87,36.79,32.11,34.14,33.99,43.06,42.94,24.96,4277000,6.5,2318300
2022,2,2,33.58,42.49,33.53,46.2,43.8,36.7,33.22,33.77,34.41,42.02,42.51,24.21,4278823,7.1,2303300
2022,3,2,33.88,41.4,33.67,46.79,46.42,36.46,34.14,34.63,34.37,44.22,44.37,25.64,4280646,7.1,2296700
2022,4,2,36.56,39.87,34.58,45.82,46.49,35.91,33.24,34.64,35.1,42.63,43.52,25.32,4282469,5,2307800
2022,5,2,37.96,42.29,37.72,45.67,45.06,36.91,34.05,34.11,33.75,44.23,44.38,26.58,4284292,4.7,2321100
2022,6,2,37.4,42.78,38.02,46.4,47.01,37.82,36.1,34.92,33.76,44.15,44.75,28.01,4286115,4.9,2333500
2022,7,2,36.89,40.75,38.42,44.29,45.72,36.01,33.84,35.59,35.63,41.77,41.44,25.64,4287938,4.5,2355100
2022,8,2,38.42,43.23,41.18,44.84,43.48,37.65,33.77,35.05,35.37,42.55,43.32,25.32,4289761,6.3,2358200
2022,9,2,36.74,44.69,37.01,45.32,42.79,37.52,34.77,36.24,35,41.3,42.29,26.58,4291584,5.8,2357400
2022,10,2,37.42,40.71,34.56,44.51,43.71,37.28,33.88,35.91,34.49,42.48,43.75,28.01,4293407,4.9,2364800
2022,11,2,37.07,41.8,31.17,44.87,42.91,36.45,34.3,34.93,34.15,42.17,43.78,28.42,4295230,5.6,2377800
2022,12,2,37.24,40.02,36.92,45.28,42.87,37.7,35.66,35.5,34.98,41.06,43.41,27.26,4297053,6.5,2399300
2023,1,2,38.1,42,39.39,44.16,42.95,37.02,36.21,35.83,35.14,41.1,43.7,27.74,4308000,6.3,2408800
2023,2,2,37.35,41.25,37.68,47.67,44.78,36.19,33.47,34.2,34.71,42.86,44.77,25.69,4309451,5,2404900
2023,3,2,37.66,41.82,36.58,47.83,43.45,36.19,33.5,33.97,35.45,43.13,43.89,26.58,4310902,4.3,2396700
2023,4,2,37.44,43.58,38.05,49.73,42.69,37.24,35.16,34.72,35.71,40.96,43.63,26.03,4312353,4.9,2390900
2023,5,2,38.34,45.23,40.37,48.86,43.19,37.12,34.11,36.67,36.19,41.31,43.27,27.22,4313804,4.2,2416200
2023,6,2,37.61,45.49,36.46,49.29,46.71,37.12,33.88,36.23,35.94,43.39,45.87,27.05,4315255,6.3,2437300
2023,7,2,37.89,44.18,38.46,49.61,44.65,36.12,35.3,37.25,36.18,42.01,43.88,26.56,4316706,5.8,2452700
2023,8,2,39.5,44.47,36.3,48.63,45.14,37.83,31.88,33.88,37.14,43.73,44.93,26.39,4318157,4.5,2442200
2023,9,2,38.19,43.82,35.69,48.38,44.46,38.13,37.21,35.82,36.25,42.83,44.05,26.54,4319608,4.7,2436500
2023,10,2,39.84,43.15,36.72,47.67,44.36,39.04,40.33,35.28,36.48,41.98,43.43,27.66,4321059,5.5,2426600
2023,11,2,38.55,43.51,38.52,47.83,46.67,39.35,43.12,36.57,38.12,43.32,44.51,29.09,4322510,5.8,2422400
2023,12,2,37.89,45.49,38.46,49.61,44.78,36.12,34.11,33.97,34.71,40.96,44.77,25.69,4323961,4.8,2413300
2021,1,3,39.86,43.92,42.57,47.52,47.49,40.89,36.23,34.6,39.53,41.27,43.7,27.84,1408000,4.8,568500
2021,2,3,38.06,46.15,43.02,47.89,48.71,40.99,35.19,32.37,40.47,40,42.11,28.66,1409717,5,579500
2021,3,3,34.52,44.66,36.99,44.84,50.4,39.52,31.08,29.52,36.53,40.14,41.98,24.82,1411435,4.2,583500
2021,4,3,37.18,42.37,38.15,43.47,51.8,38.76,32.33,31.06,35.84,40.91,42.27,24.37,1413153,6.3,591800
2021,5,3,37.65,40.97,37.19,42.38,49.67,38.84,33.37,31.79,36.25,39.73,41.34,25.23,1414871,6,594600
2021,6,3,37.73,41,34.88,43.64,47.74,38.04,32.69,30.89,36.71,38.26,40.61,25.27,1416589,4.3,602900
2021,7,3,37.63,41.93,35.76,43.48,49.61,38.21,31.18,32.56,35.32,41.35,42.61,25.29,1418307,3.8,610300
2021,8,3,36.57,41.19,37.54,42.4,48.46,38.89,30.95,31.08,34.27,39.55,41.6,25.8,1420025,5.2,603700
2021,9,3,37.33,40.34,35.87,43.53,49.05,39.73,31.57,29.8,36.35,39.36,41.02,25.62,1421743,5.3,591500
2021,10,3,37.4,42.18,36.52,43.92,48.96,39.8,32.04,32.69,35.86,40.28,42.18,25.58,1423461,4.8,581700
2021,11,3,37.43,43.74,35.53,42.23,49.17,41.14,31.18,30.68,35.93,41.08,41.87,26.19,1425179,5.4,580600
2021,12,3,37.91,44.28,38.19,42.78,49.86,38.3,32.75,34,36.65,41,42.18,26.73,1423000,5.4,582800
2022,1,3,37.74,44.34,35.94,44.33,48.47,38.04,32.22,34.42,36.33,40.68,42.36,26.26,1424717,4.4,579700
2022,2,3,38.14,44.88,35.8,45.38,51.21,38.39,31.9,35.52,36.38,43.54,43.06,25.65,1426435,6.5,585700
2022,3,3,37.26,44.61,36.76,43.52,51.75,39.31,31.46,33.56,36.56,43.75,43.9,25.38,1428153,6.3,590200
2022,4,3,38.23,43.9,36.43,44.35,50.38,39.51,31.85,35.1,37.37,43.24,44.15,24.84,1429871,5.1,603700
2022,5,3,36.99,43.96,36.97,45.79,50.57,39.51,31.49,36.25,37.34,44.38,45.44,25.66,1431589,4.6,613800
2022,6,3,39.33,43.71,36.7,46.46,51.16,38.89,31.75,35.73,38.18,43.38,44.33,25.85,1433307,5.5,617200
2022,7,3,38.82,45.77,37.68,46.3,47.15,38.6,33.34,34.78,36.5,45.36,45.53,25.93,1435025,5.5,619700
2022,8,3,39.23,45.12,37.07,46.89,50.57,38.9,35.38,35.05,36.83,43.53,44.67,26.14,1436743,5,615400
2022,9,3,40.76,42.69,37.99,45.11,51.16,38.98,33.81,36.18,38.02,42.35,44.11,26.36,1438461,5.3,618300
2022,10,3,38.22,46.16,39.01,45.88,47.15,40.05,33.56,35.62,37.44,41.84,43.71,26.44,1440179,5.3,614700
2022,11,3,38.04,46.99,38.69,45.99,47.49,38.61,34.08,36.24,37.16,41.06,43.31,26.82,1441897,4.5,615300
2022,12,3,37.81,45.45,39.42,46.45,48.71,39.09,32.86,35.79,38,42.01,44.57,26.59,1437000,6.5,616300
2023,1,3,38.23,44.71,41.46,47.22,50.4,38.97,33.07,35.21,38.22,41.38,44.6,25.9,1438772,6.1,621500
2023,2,3,38.78,44.01,44.17,47.91,51.8,39.09,34.97,34.76,37.57,41.64,44.39,27.04,1440545,5.3,621700
2023,3,3,39.46,45.27,41.76,46.47,49.67,40.89,34.94,35.47,37.71,42.22,45.18,26.41,1442318,4.6,623000
2023,4,3,39.1,43.42,42.02,48.33,47.74,40.64,32.9,33.81,37.11,44.21,46.6,26.48,1444091,5.8,623100
2023,5,3,40.16,44.61,42.33,47.82,49.61,38.61,32.97,33.78,38.04,41.69,44.56,26.56,1445864,5.4,634300
2023,6,3,38.85,45.24,43.53,49.03,48.46,42.44,33.31,34.32,37.84,41.52,45.51,27.19,1447637,4.6,648900
2023,7,3,38.07,45.88,44.72,49.03,49.05,42.14,34.23,35.22,38.89,41.93,44.24,26.91,1449410,5.3,660000
2023,8,3,38.42,45.77,43.89,49.5,48.96,42.3,34.02,36.5,39.2,43.34,46.19,26.38,1451183,4.8,661300
2023,9,3,37.68,45.35,44.57,48.49,49.17,43.56,34.66,35.37,39.31,43.55,45.97,26.34,1452956,4.1,655900
2023,10,3,38.92,45.93,44.41,48.75,49.86,44.19,35.58,34.17,40.35,42.82,44.96,26.63,1454729,6.5,655400
2023,11,3,38.87,46.15,41.71,47.89,48.47,43.26,33.58,35.76,39.83,43.41,45.31,26.38,1456502,6,652100
2023,12,3,39.86,43.92,42.57,47.52,51.21,40.89,36.23,34.6,39.53,41.27,43.7,27.84,1457891,5.1,653000
2021,1,4,39.06,46.15,43.02,47.89,51.75,40.99,36.19,33.37,40.47,41,43.11,28.66,6255000,3.6,3318100
2021,2,4,34.52,44.66,36.99,44.84,50.38,39.52,31.08,29.52,36.53,40.14,41.98,24.82,6256149,5.3,3267700
2021,3,4,37.18,42.37,38.15,43.47,50.57,38.76,32.33,31.06,35.84,40.91,42.27,24.37,6257298,5.4,3251800
2021,4,4,37.65,40.97,37.19,42.38,51.16,38.84,33.37,31.79,36.25,39.73,41.34,25.23,6258447,4.5,3265100
2021,5,4,37.73,41,34.88,43.64,48.15,38.04,32.69,30.89,36.71,38.26,40.61,25.27,6259596,5.1,3278600
2021,6,4,37.63,41.93,35.76,43.48,50.57,38.21,31.18,32.56,35.32,41.35,42.61,25.29,6260745,6.7,3311500
2021,7,4,36.57,41.19,37.54,42.4,51.16,38.89,30.95,31.08,34.27,39.55,41.6,25.8,6261894,5.8,3372500
2021,8,4,37.33,40.34,35.87,43.53,48.15,39.73,31.57,29.8,36.35,39.36,41.02,25.62,6263043,4.8,3447300
2021,9,4,37.4,42.18,36.52,43.92,47.49,39.8,32.04,32.69,35.86,40.28,42.18,25.58,6264192,4.8,3486400
2021,10,4,37.43,43.74,35.53,42.23,48.71,41.14,31.18,30.68,35.93,41.08,41.87,26.19,6265341,5,3518700
2021,11,4,37.91,44.28,38.19,42.78,50.4,38.3,32.75,34,36.65,41,42.18,26.73,6266490,4,3547900
2021,12,4,37.74,44.34,35.94,44.33,51.8,38.04,32.22,34.42,36.33,40.68,42.36,26.26,6313000,5.6,3587100
2022,1,4,38.14,44.88,35.8,45.38,49.67,38.39,31.9,35.52,36.38,43.54,43.06,25.65,6314150,6.1,3564500
2022,2,4,37.26,44.61,36.76,43.52,47.74,39.31,31.46,33.56,36.56,43.75,43.9,25.38,6315298,4.9,3551700
2022,3,4,38.23,43.9,36.43,44.35,49.61,39.51,31.85,35.1,37.37,43.24,44.15,24.84,6316446,5.2,3523600
2022,4,4,36.99,43.96,36.97,45.79,48.46,39.51,31.49,36.25,37.34,44.38,45.44,25.66,6317594,7,3553600
2022,5,4,39.33,43.71,36.7,46.46,49.05,38.89,31.75,35.73,38.18,43.38,44.33,25.85,6318742,6.1,3567900
2022,6,4,38.82,45.77,37.68,46.3,48.96,38.6,33.34,34.78,36.5,45.36,45.53,25.93,6319890,5.2,3599500
2022,7,4,39.23,45.12,37.07,46.89,49.17,38.9,35.38,35.05,36.83,43.53,44.67,26.14,6321038,5.1,3621700
2022,8,4,40.76,42.69,37.99,45.11,49.86,38.98,33.81,36.18,38.02,42.35,44.11,26.36,6322186,4.9,3624300
2022,9,4,38.22,46.16,39.01,45.88,48.47,40.05,33.56,35.62,37.44,41.84,43.71,26.44,6323334,4.4,3586400
2022,10,4,38.04,46.99,38.69,45.99,51.21,38.61,34.08,36.24,37.16,41.06,43.31,26.82,6324482,5.4,3561300
2022,11,4,37.81,45.45,39.42,46.45,51.75,39.09,32.86,35.79,38,42.01,44.57,26.59,6325630,6.4,3547100
2022,12,4,38.23,44.71,41.46,47.22,50.38,38.97,33.07,35.21,38.22,41.38,44.6,25.9,6326778,5.1,3568200
2023,1,4,38.78,44.01,44.17,47.91,50.57,38.98,34.97,34.76,37.57,41.64,44.39,27.04,6372000,5,3574100
2023,2,4,39.46,45.27,41.76,46.47,51.16,40.89,34.94,35.47,37.71,42.22,45.18,26.41,6373150,6.5,3594200
2023,3,4,39.1,43.42,42.02,48.33,49.15,40.64,32.9,33.81,37.11,44.21,46.6,26.48,6374298,6.3,3613500
2023,4,4,40.16,44.61,42.33,47.82,50.57,42.14,32.97,33.78,38.04,41.69,44.56,26.56,6375446,5.4,3640100
2023,5,4,38.85,45.24,43.53,49.03,51.16,42.44,33.31,34.32,37.84,41.52,45.51,27.19,6376594,5.1,3668000
2023,6,4,38.07,45.88,44.72,49.03,49.15,42.14,34.23,35.22,38.89,41.93,44.24,26.91,6377742,4.6,3709900
2023,7,4,38.42,45.77,43.89,49.5,47.49,42.3,34.02,36.5,39.2,43.34,46.19,26.56,6378890,4.6,3738900
2023,8,4,37.68,45.35,44.57,48.49,48.71,43.56,34.66,35.37,39.31,43.55,45.97,26.34,6380038,5.9,3733000
2023,9,4,38.92,45.93,44.41,48.75,50.4,44.19,35.58,34.17,40.35,42.82,44.96,26.63,6381186,6.7,3698600
2023,10,4,38.87,46.15,41.71,47.89,51.8,43.26,33.58,35.76,39.83,43.41,45.31,26.38,6382334,5.1,3677300
2023,11,4,39.86,43.92,42.57,47.52,49.67,40.89,36.23,34.6,39.53,41.27,43.7,27.84,6383482,4.6,3673400
2023,12,4,40.06,46.15,43.02,47.89,47.74,40.99,37.19,34.37,40.47,42,44.11,28.66,6384630,6.1,3676100
2021,1,5,34.52,44.66,36.99,44.84,49.61,39.52,31.08,29.52,36.53,40.14,41.98,24.82,571000,6.7,312300
2021,2,5,37.18,42.37,38.15,43.47,48.46,38.76,32.33,31.06,35.84,40.91,42.27,24.37,571077,5.6,311800
2021,3,5,37.65,40.97,37.19,42.38,49.05,38.84,33.37,31.79,36.25,39.73,41.34,25.23,571155,5.5,312300
2021,4,5,37.73,41,34.88,43.64,48.96,38.04,32.69,30.89,36.71,38.26,40.61,25.27,571232,5,317100
2021,5,5,37.63,41.93,35.76,43.48,49.17,38.21,31.18,32.56,35.32,41.35,42.61,25.29,571309,3.6,318400
2021,6,5,36.57,41.19,37.54,42.4,49.86,38.89,30.95,31.08,34.27,39.55,41.6,25.8,571387,6.7,320500
2021,7,5,37.33,40.34,35.87,43.53,48.47,39.73,31.57,29.8,36.35,39.36,41.02,25.62,572464,4.6,320500
2021,8,5,37.4,42.18,36.52,43.92,51.21,39.8,32.04,32.69,35.86,40.28,42.18,25.58,573542,4.8,322200
2021,9,5,37.43,43.74,35.53,42.23,51.75,41.14,31.18,30.68,35.93,41.08,41.87,26.19,574619,4.7,324000
2021,10,5,37.91,44.28,38.19,42.78,50.38,38.3,32.75,34,36.65,41,42.18,26.73,575697,7.4,329200
2021,11,5,37.74,44.34,35.94,44.33,50.57,38.04,32.22,34.42,36.33,40.68,42.36,26.26,576774,6.1,335000
2021,12,5,38.14,44.88,35.8,45.38,51.16,38.39,31.9,35.52,36.38,43.54,43.06,25.65,577000,5.2,335300
2022,1,5,37.26,44.61,36.76,43.52,50.15,39.31,31.46,33.56,36.56,43.75,43.9,25.38,579067,5.7,331100
2022,2,5,38.23,43.9,36.43,44.35,50.57,39.51,31.85,35.1,37.37,43.24,44.15,24.84,579135,5,327600
2022,3,5,36.99,43.96,36.97,45.79,51.16,39.51,31.49,36.25,37.34,44.38,45.44,25.66,579203,4.1,325500
2022,4,5,39.33,43.71,36.7,46.46,50.15,38.89,31.75,35.73,38.18,43.38,44.33,25.85,579271,7.2,325600
2022,5,5,38.82,45.77,37.68,46.3,47.49,38.6,33.34,34.78,36.5,45.36,45.53,25.93,579339,4.7,327100
2022,6,5,39.23,45.12,37.07,46.89,48.71,38.9,35.38,35.05,36.83,43.53,44.67,26.14,579407,4.7,329800
2022,7,5,40.76,42.69,37.99,45.11,50.4,38.98,33.81,36.18,38.02,42.35,44.11,26.36,579475,4.7,334500
2022,8,5,38.22,46.16,39.01,45.88,51.8,40.05,33.56,35.62,37.44,41.84,43.71,26.44,579543,7.7,337400
2022,9,5,38.04,46.99,38.69,45.99,49.67,38.61,34.08,36.24,37.16,41.06,43.31,26.82,579611,6.6,338300
2022,10,5,37.81,45.45,39.42,46.45,47.74,39.09,32.86,35.79,38,42.01,44.57,26.59,579679,5.3,339000
2022,11,5,38.23,44.71,41.46,47.22,49.61,38.97,33.07,35.21,38.22,41.38,44.6,25.9,579747,5.6,339400
2022,12,5,38.78,44.01,44.17,47.91,48.46,40.64,34.97,34.76,37.57,41.64,44.39,27.04,586000,5.1,341100
2023,1,5,39.46,45.27,41.76,46.47,49.05,40.89,34.94,35.47,37.71,42.22,45.18,26.41,586606,4.5,340300
2023,2,5,39.1,43.42,42.02,48.33,48.96,40.64,32.9,33.81,37.11,44.21,46.6,26.48,587211,7.1,336900
2023,3,5,40.16,44.61,42.33,47.82,49.17,43.26,32.97,33.78,38.04,41.69,44.56,26.56,587816,5,333000
2023,4,5,38.85,45.24,43.53,49.03,49.86,42.44,33.31,34.32,37.84,41.52,45.51,27.19,588421,4.7,333500
2023,5,5,38.07,45.88,44.72,49.03,48.47,42.14,34.23,35.22,38.89,41.93,44.24,26.91,589026,5.3,338500
2023,6,5,38.42,45.77,43.89,49.5,51.21,42.3,34.02,36.5,39.2,43.34,46.19,26.48,589631,7.4,343600
2023,7,5,37.68,45.35,44.57,48.49,51.75,43.56,34.66,35.37,39.31,43.55,45.97,26.34,590236,6.9,349300
2023,8,5,38.92,45.93,44.41,48.75,50.38,44.19,35.58,34.17,40.35,42.82,44.96,26.63,590841,5,350400
2023,9,5,38.87,46.15,41.71,47.89,50.57,43.26,33.58,35.76,39.83,43.41,45.31,26.38,591446,5.7,350200
2023,10,5,39.86,43.92,42.57,47.52,51.16,40.89,36.23,34.6,39.53,41.27,43.7,27.84,592051,5.2,346900
2023,11,5,41.06,46.15,43.02,47.89,51.15,40.99,38.19,35.37,40.47,43,45.11,28.66,592656,4.8,346600
2023,12,5,38.87,46.15,41.71,47.89,50.57,43.26,33.58,35.76,39.83,43.41,45.31,26.38,594556,7.1,348200
2021,1,6,31.18,35.83,31.93,37.72,37.11,33.56,30.21,32.05,35.44,38.41,41.03,22.32,825054,5.5,419700
2021,2,6,30.2,35.53,33.28,38.04,34.22,34.05,30.08,28.05,35.5,39.92,41.52,19.77,825108,5.8,421300
2021,3,6,32.06,37.13,34,36.53,37.57,34.75,28.46,34.37,34.21,40.61,41.93,20.61,825162,5.5,427300
2021,4,6,33.94,40.2,33.82,38.77,37.56,34.37,27.57,34.46,34.3,39.09,41.65,20.91,825216,6.2,436300
2021,5,6,33.02,40.78,35.16,37.86,34.05,35.34,28.53,28.05,34.46,37.69,39.81,20.61,825270,6,442900
2021,6,6,33.08,40.61,35.25,37.25,34.81,37.16,27.06,30.4,32.3,38.21,40.11,22.08,825324,6.2,445100
2021,7,6,32.88,40.2,32.46,36.95,34.74,37.45,29.15,31.31,34.55,37.8,40.18,21.84,825378,5.8,448000
2021,8,6,33.98,42.27,32.24,36.84,33.16,38.08,28.93,32.38,34.38,38,40.42,22.71,825432,5.5,448500
2021,9,6,31.63,42.53,33.06,38.51,36.06,36.21,30.97,32.61,35.47,39.2,42.14,22.54,825486,5.2,451500
2021,10,6,33.47,41.24,34.86,37.36,43.65,35.41,32.54,29.92,34.13,38.98,42.46,23.88,825540,7.1,452800
2021,11,6,32.74,40.57,34.68,37.22,43.2,37.43,30.29,31.68,35.03,38.28,41.25,22.85,825594,5.9,455000
2021,12,6,34.57,41.4,31.79,38.62,38.7,37.1,30.55,35.19,35.75,41.94,42.62,23.62,825648,5.2,456500
2022,1,6,33.65,41.28,34.62,37.4,44.26,36.27,30.42,33.29,37.13,42.47,43.68,22.7,825868,5.2,455700
2022,2,6,34.46,38.89,34.7,37.05,51.07,35.43,31.1,33.88,37.67,41,43.02,23.44,826728,5.7,456000
2022,3,6,33.97,40.69,34.62,37.37,48.91,36.01,30.2,34.33,34.44,40.12,42.46,22.68,827590,5.7,455900
2022,4,6,35.59,39.58,34.93,38.76,50.71,35.55,30.04,33.76,33.74,40.68,42.78,23.32,828002,5.8,458700
2022,5,6,29.12,40.79,33.33,38.29,43.69,35.35,31.31,31.3,35.41,40.15,42.25,23.91,828714,5.1,461600
2022,6,6,33.51,44.57,36.28,40.73,48.67,37.05,33.28,30.2,34.46,41.04,42.52,23.15,829351,5.5,466500
2022,7,6,31.52,42.92,35.11,40.38,43.26,37.02,32.36,32.94,34.86,40.84,42.79,23.16,829988,4.4,468700
2022,8,6,32.34,42.59,35.75,40.37,49.9,39.22,31.46,33.25,37.94,40.67,42.7,23.52,830625,6.5,467400
2022,9,6,30.51,42.94,35.24,40.76,42.28,35.34,30.58,32.81,36.08,39.64,42.63,23.34,831262,5.7,465100
2022,10,6,30.87,42.6,40.01,41.54,39.67,36.09,30.8,30.91,35.88,40.71,43.27,24.07,831899,4.2,466400
2022,11,6,31.8,42.55,38.46,40.45,45.05,34.85,31.1,35.73,36.15,40.71,43.43,25.94,832536,4.7,467700
2022,12,6,33.43,42.59,37.43,40.45,39.45,35.88,34.13,35.81,35.86,40.34,42.4,24.35,833173,5.5,468200
2023,1,6,34.24,42.94,36.26,40.87,38.13,35.99,34.38,40.47,35.85,41.06,45.04,24.31,833810,5.8,464700
2023,2,6,35.03,42.6,36.99,43.1,40.36,36.11,30.74,35.33,36.99,42.52,44.14,23.46,834447,5.5,464100
2023,3,6,32.32,43.05,36.43,42.11,41.9,36.67,32.87,35.19,37.02,40.25,42.89,22.93,835084,4.3,465800
2023,4,6,34.05,43.67,36.4,41.8,42.74,37.69,32.19,34.06,38.15,39.23,43,23.68,835721,5.7,467900
2023,5,6,38.91,43.16,35.8,40.76,40.26,37.86,32.54,35.47,40.38,40.17,39.59,23.67,836358,3.9,472000
2023,6,6,35.99,43.36,37.75,40.5,41.07,39.34,32.66,37.63,41.19,40.51,43.45,24.19,836995,6.2,474700
2023,7,6,39.15,43.5,36.56,43.06,38.63,39.13,32.77,42.88,40.46,41.23,43.28,23.88,837632,6.1,476100
2023,8,6,39.42,44.19,35.29,41.61,36.63,42.54,32.62,34.58,40.38,40.9,43.44,23.81,838269,3.8,474100
2023,9,6,39,42.21,35.25,40.44,40.05,37.82,32.83,33.98,39.29,41.92,44.13,25.29,838906,4.4,473700
2023,10,6,37.83,43.94,36.66,41.77,40.55,37.37,35.07,33.31,40.18,39.38,42.41,27.08,839543,5.3,476900
2023,11,6,37.78,44.19,38.57,42.78,39.2,39.13,37.17,33.12,40.26,40.44,42.98,27.98,840180,6.3,479900
2023,12,6,39,43.94,36.66,41.77,40.55,37.37,35.07,33.31,40.18,40.56,43.03,25.29,840817,5.5,480500
2021,1,7,37.79,35.56,33.09,38.44,35.27,39.22,31.06,31.14,35.27,40.13,50.69,27.08,258233,4.8,134700
2021,2,7,36.36,34.94,33.51,39.22,33.8,38.69,33.06,29.57,33.8,40.6,50.05,21.48,258569,5.8,131900
2021,3,7,33.92,36.99,32.42,39.99,34.52,38.9,31.14,32.28,34.52,40.33,49.87,22.85,258905,5,132400
2021,4,7,35.85,37.34,32.73,39.89,33.46,40.13,32.26,31.71,33.46,39.62,46.5,22.77,259241,4.5,134700
2021,5,7,34.62,37.91,33.1,39.61,36.73,39.15,31.11,33.11,36.73,40.13,48.21,22.55,259577,4.6,138400
2021,6,7,34.45,37.53,34.89,40.35,39.35,39.2,30.17,32.19,39.35,40.6,49.46,22.58,259913,4.2,142000
2021,7,7,35.99,40.01,33.33,40.03,37.01,36.08,29.75,33.11,37.01,40.22,48.98,23.71,260249,3.7,143000
2021,8,7,34.35,39.86,32.83,40.93,36.02,38.72,31.04,32.86,36.02,40.19,50.28,22.85,260585,6.1,143700
2021,9,7,34.71,40.3,35.48,41.48,36.26,40.38,30.49,32.4,36.26,40.44,50.11,22.05,260921,5.6,141900
2021,10,7,35.34,38.49,33.47,41.52,39.72,39.3,32,31.38,39.72,42.07,51.96,22.67,261257,4.1,141500
2021,11,7,36.77,39.32,34.98,41.48,40.35,38.72,30.53,33.26,40.35,42.54,51.36,22.25,261593,4.1,139500
2021,12,7,39.7,40.1,35.93,41.91,40.66,40.54,30.98,32.58,40.66,45.71,50.83,21.59,261929,5.7,138700
2022,1,7,37.11,38.33,33.32,44.13,48.33,39.9,32.86,32.08,48.33,46.5,52.62,21.41,262320,4.9,138900
2022,2,7,37.59,39.25,35.07,41.73,40.35,41.86,32,33.6,40.35,45.53,51.67,21.72,262715,4.2,139900
2022,3,7,37.25,40.51,35.34,41.41,45.6,41.48,29.88,32.98,45.6,44.79,53.28,22.25,263110,4.6,141200
2022,4,7,40.18,41.18,33.14,41.46,44.4,40.16,29.84,30.92,44.4,44.84,54.1,23.22,263505,4.1,141400
2022,5,7,39.91,40.24,36.3,41.36,34.2,39,32.08,29.44,34.2,47.71,52.73,22.62,263900,3.3,143700
2022,6,7,38.62,42.4,36.94,40.38,31,40.95,34.63,32.6,31,46.26,51.55,22.22,264295,5.6,145300
2022,7,7,35.67,41.45,35.38,40.27,39,37.62,33.01,32.74,39,43.7,51.73,23.49,264690,5.5,145400
2022,8,7,38.4,42.24,35.69,40.71,38.79,38.58,33.84,33.33,38.79,43.49,52.4,22.43,265085,3.9,141700
2022,9,7,38.12,40.96,36.51,41.96,44.81,37.54,32.43,33.63,44.81,42.56,52.57,23.45,265480,4.5,139800
2022,10,7,36.69,40.76,34.23,43.59,38.93,39.27,33.15,39,38.93,44,53.67,25.3,265875,5.8,139800
2022,11,7,36.28,41.16,32.59,42.58,41.68,40.47,33.2,29.44,41.68,45.02,53.76,27.72,266270,5,140800
2022,12,7,36.32,40.76,33.48,43.08,42.72,37.75,34.08,31.69,42.72,45.72,53.66,20.62,266665,4.2,140200
2023,1,7,40.02,43.48,33.8,42.15,42.82,39.2,34.92,30.23,42.82,44.12,53.23,21.6,266690,4.2,139300
2023,2,7,36.06,38.91,33.6,43.66,41.9,38.49,32.85,31.69,41.9,45.79,53.54,22.46,266967,4.5,140800
2023,3,7,37.62,39.44,34.88,43.86,41.79,40.17,33.34,34.95,41.79,45.29,48.9,20.62,267245,3.3,141400
2023,4,7,37.42,38.39,35.6,43.72,43.6,38.39,34.19,34.63,43.6,46.22,53.39,23.74,267523,5.5,143000
2023,5,7,38.8,39.64,34.71,43.85,38.93,38.49,33.55,33.82,38.93,47.24,52.69,23.52,267801,5.3,144600
2023,6,7,37.88,40.19,33.65,46.83,42.36,40.2,31.84,33.28,42.36,44.22,52.42,24.31,268079,4.1,148300
2023,7,7,38.32,38.18,33.23,44.49,40.62,36.2,32.97,32.43,40.62,47.98,52.06,25.04,268357,4.6,151900
2023,8,7,38.59,42.59,34.62,44.28,39.82,39.38,32.42,33.62,39.82,45.9,51.4,23.27,268635,6.5,151200
2023,9,7,39.72,42.92,35.26,43.42,41.02,39.03,35.53,30.89,41.02,46.45,52.82,23.85,268913,5.8,150900
2023,10,7,37.58,40.94,34.97,45.13,43.31,39.38,37.31,31.19,43.31,46.2,52.69,25.44,269191,4.4,150400
2023,11,7,38.83,40.97,36.72,42.66,42.02,40.37,37.38,30.89,42.02,44.91,51.53,26.74,269469,4.6,151500
2023,12,7,37.58,42.16,34.97,45.13,43.31,39.38,37.31,31.19,43.31,46.2,52.69,23.85,269747,4.8,151500
2021,1,8,35.05,42.25,34.66,42.25,39.59,37.26,34.4,32.22,43.68,44.52,55.66,25.18,1491000,8.6,734000
2021,2,8,34.48,43.32,34.92,43.32,37.75,38.66,34.65,31.24,46.56,45.16,56.82,25.41,1492205,9.8,740800
2021,3,8,35.99,42.16,33.17,42.16,41.12,38.42,34.71,34.1,46.66,45.35,52.86,26.9,1493411,10.9,755500
2021,4,8,37.61,43.3,34.53,43.3,38.74,36.52,35.21,33.67,46.41,42.91,53.41,26.93,1494616,7.5,759400
2021,5,8,36.11,43.75,33.75,43.75,39.13,37.26,33.36,34.07,46.52,44.45,52.52,28.04,1495822,9.4,763900
2021,6,8,35.75,42.42,33.13,42.42,40.1,39.55,34.68,32.12,46.6,43.88,53.77,26.36,1497027,7.8,765400
2021,7,8,37.65,42.4,34.13,42.4,40.63,39.45,35.5,32.31,47.82,43.57,54.12,25.98,1498233,7.5,776400
2021,8,8,37.15,43.08,35.26,43.08,40.72,39.91,36.42,32.12,46.59,44.19,53.54,26.18,1499438,10,784400
2021,9,8,38.06,43.74,35.05,43.74,43.01,38.85,34.46,33.14,46.84,44.42,54.83,25.76,1500644,7,787200
2021,10,8,38.05,43.11,37.64,43.11,43.61,37.8,35.31,33.59,47.29,45.05,55.99,27.48,1501849,7.6,791400
2021,11,8,37.78,44.04,38.59,44.04,42.84,38.95,35.17,35.07,45.82,45.72,56.49,26.26,1503055,7.8,799500
2021,12,8,40.41,46.54,38.99,46.54,44.95,37.84,38.28,36.21,44.64,46.96,56.37,26.01,1504260,8.8,804100
2022,1,8,39.06,44.33,38.73,44.33,46.33,39.15,43.56,35.39,44.62,47.64,57.06,26.67,1519000,10.5,801100
2022,2,8,41.44,43.4,37.05,43.4,44.67,39.45,55.46,36.78,46.01,49.03,57.91,25.75,1520390,7.6,791700
2022,3,8,39.75,44.59,38.1,44.59,46.89,38.87,41.44,37.07,45.73,48.02,58.71,25.98,1521782,9,789300
2022,4,8,39.01,44.14,37.83,44.14,48.26,38.02,44.42,35.18,45.21,46.79,57.67,25.74,1523173,7.4,791200
2022,5,8,40.54,45.49,38.65,45.49,43.74,39.14,34.43,35.33,42.74,46.74,58.05,26.99,1524564,8.1,805700
2022,6,8,38.07,44.96,36.03,44.96,45.25,38.68,23.06,31.73,44.02,48.34,58.2,26.6,1525955,10.4,813500
2022,7,8,40.28,43.4,36.4,43.4,47.81,39.13,35.45,32.9,40.57,45.81,56.89,26.25,1527346,6.8,820200
2022,8,8,39.48,44.46,38.47,44.46,53.38,39.41,35.45,34.04,40.25,45.01,58.87,28.42,1528737,7.6,818900
2022,9,8,39.19,45.44,40.87,45.44,44.92,39.29,36.38,39.63,40.74,45.28,59.25,29.13,1530128,7.3,817200
2022,10,8,37.96,46.58,41.13,46.58,42.93,39.45,35.37,35.51,40.73,44.48,57.17,30.34,1531519,8.9,815600
2022,11,8,38.31,45.65,41.83,45.65,44.95,36.9,36.55,35.26,42.63,46.07,57.09,30.02,1532910,9.5,810800
2022,12,8,39.12,48,43.78,48,43.27,37.9,37.8,35.67,40.76,44.87,57.51,30.78,1534301,7.5,814100
2023,1,8,40.41,45.46,38.18,45.46,44.26,36.98,37.72,35,40.23,45.52,59.01,30.42,1544000,8.7,824500
2023,2,8,36.13,47.37,37.56,47.37,45.18,38.01,40.06,36.21,43.3,47.56,58.51,29.38,1545196,7.4,832700
2023,3,8,37.62,48.56,37.44,48.56,44.49,36.84,36.91,35.52,45.31,47.12,57.54,29.44,1546394,7.9,839300
2023,4,8,37.31,47.25,38.59,47.25,48,38.75,39.42,34.67,46.32,46.22,57.35,31.07,1547591,10.4,838300
2023,5,8,38.39,48.71,38.27,48.71,43.96,38.84,39.36,37.24,49.04,46.39,56.5,29.95,1548787,6.9,850100
2023,6,8,37.51,48.91,37.97,48.91,46.86,39.41,46.28,37.65,48.03,46.22,56.57,26.79,1549984,7.5,854900
2023,7,8,37.65,48.27,37.77,48.27,47.16,40.77,45.51,36.5,47.45,46.08,55.79,29.21,1551181,6.8,861900
2023,8,8,38.66,46.7,37.27,46.7,44.54,39.86,48.42,35.1,48.19,46.07,56.26,27.08,1552378,9.4,857400
2023,9,8,39.58,46.84,38.08,46.84,45.09,39.23,45.63,34.55,48.21,45.9,57.4,27.58,1553575,8.8,856600
2023,10,8,39.02,47.37,35.66,47.37,45.75,36.09,47.55,34.61,47.17,43.7,57.45,27.03,1554773,7.7,855800
2023,11,8,36.02,47.72,37.82,47.72,45.31,37.79,47.41,34.12,47.89,44.42,57.75,25.18,1555969,7.4,852500
2023,12,8,35.05,42.25,34.66,42.25,39.59,37.26,34.4,32.22,43.68,44.52,55.66,25.41,1557166,7.3,847800
2021,1,9,34.48,43.32,34.92,43.32,37.75,38.66,34.65,31.24,46.56,45.16,56.82,26.9,1581000,7.5,814700
2021,2,9,35.99,42.16,33.17,42.16,41.12,38.42,34.71,34.1,46.66,45.35,52.86,26.93,1582187,8.3,804000
2021,3,9,37.61,43.3,34.53,43.3,38.74,36.52,35.21,33.67,46.41,42.91,53.41,28.04,1583375,6.3,800700
2021,4,9,36.11,43.75,33.75,43.75,39.13,37.26,33.36,34.07,46.52,44.45,52.52,26.36,1584562,10.7,802900
2021,5,9,35.75,42.42,33.13,42.42,40.1,39.55,34.68,32.12,46.6,43.88,53.77,25.98,1585750,8,809000
2021,6,9,37.65,42.4,34.13,42.4,40.63,39.45,35.5,32.31,47.82,43.57,54.12,26.18,1586937,8.5,814000
2021,7,9,37.15,43.08,35.26,43.08,40.72,39.91,36.42,33.67,46.59,44.19,53.54,25.76,1588125,7.5,816400
2021,8,9,38.06,43.74,35.05,43.74,43.01,38.85,34.46,33.14,46.84,44.42,54.83,27.48,1589312,10.4,819600
2021,9,9,38.05,43.11,37.64,43.11,43.61,37.8,35.31,33.59,47.29,45.05,55.99,26.26,1590500,11.4,829600
2021,10,9,37.78,44.04,38.59,44.04,42.84,38.95,35.17,35.07,45.82,45.72,56.49,26.01,1591687,7.7,842000
2021,11,9,40.41,46.54,38.99,46.54,44.95,37.84,38.28,36.21,44.64,46.96,56.37,26.67,1592875,8.5,842300
2021,12,9,39.06,44.33,38.73,44.33,46.33,39.15,43.56,35.39,44.62,47.64,57.06,25.75,1594062,8.2,843100
2022,1,9,41.44,43.4,37.05,43.4,44.67,39.45,55.46,36.78,46.01,49.03,57.91,25.98,1611000,5.9,835700
2022,2,9,39.75,44.59,38.1,44.59,46.89,38.87,41.44,37.07,45.73,48.02,58.71,25.74,1612168,11.2,843600
2022,3,9,39.01,44.14,37.83,44.14,48.26,38.02,44.42,35.18,45.21,46.79,57.67,26.99,1613336,7.6,843300
2022,4,9,40.54,45.49,38.65,45.49,43.74,39.14,34.43,35.33,42.74,46.74,58.05,26.6,1614504,8.3,853700
2022,5,9,38.07,44.96,36.03,44.96,45.25,38.68,23.06,31.73,44.02,48.34,58.2,26.25,1615672,8.7,861700
2022,6,9,40.28,43.4,36.4,43.4,47.81,39.13,35.45,32.9,40.57,45.81,56.89,28.42,1616840,10.8,880400
2022,7,9,39.48,44.46,38.47,44.46,53.38,39.41,35.45,34.04,40.25,45.01,58.87,29.13,1618008,11.3,897100
2022,8,9,39.19,45.44,40.87,45.44,44.92,39.29,36.38,39.63,40.74,45.28,59.25,30.34,1619176,7.7,904700
2022,9,9,37.96,46.58,41.13,46.58,42.93,39.45,35.37,35.51,40.73,44.48,57.17,30.02,1620344,8.8,902300
2022,10,9,38.31,45.65,41.83,45.65,44.95,36.9,36.55,35.26,42.63,46.07,57.09,30.78,1621512,8.4,897400
2022,11,9,39.12,48,43.78,48,43.27,37.9,37.8,35.67,40.76,44.87,57.51,30.42,1622680,6,895000
2022,12,9,40.41,45.46,38.18,45.46,44.26,36.98,37.72,35,40.23,45.52,59.01,29.38,1623848,10.6,886500
2023,1,9,36.13,47.37,37.56,47.37,45.18,38.01,40.06,36.21,43.3,47.56,58.51,29.44,1640000,7,871000
2023,2,9,37.62,48.56,37.44,48.56,44.49,36.84,36.91,35.52,45.31,47.12,57.54,31.07,1641600,8,860200
2023,3,9,37.31,47.25,38.59,47.25,48,38.75,39.42,34.67,46.32,46.22,57.35,29.95,1643200,8.8,861500
2023,4,9,38.39,48.71,38.27,48.71,43.96,38.84,39.36,37.24,49.04,46.39,56.5,26.79,1644800,10.8,877600
2023,5,9,37.51,48.91,37.97,48.91,46.86,39.41,46.28,37.65,48.03,46.22,56.57,29.21,1646400,11.3,893500
2023,6,9,37.65,48.27,37.77,48.27,47.16,40.77,45.51,36.5,47.45,46.08,55.79,27.08,1648000,7.9,912200
2023,7,9,38.66,46.7,37.27,46.7,44.54,39.86,48.42,35.1,48.19,46.07,56.26,27.58,1649600,8.6,922100
2023,8,9,39.58,46.84,38.08,46.84,45.09,39.23,45.63,34.55,48.21,45.9,57.4,27.03,1651200,7.8,935100
2023,9,9,39.02,47.37,35.66,47.37,45.75,36.09,47.55,34.61,47.17,43.7,57.45,25.18,1652800,6.2,928600
2023,10,9,37.02,48.72,37.82,47.72,45.31,38.79,48.41,35.12,48.89,45.42,58.75,25.41,1654400,9.9,921600
2023,11,9,35.05,42.25,34.66,42.25,39.59,37.26,34.4,32.22,43.68,44.52,55.66,26.9,1656000,6.5,912700
2023,12,9,34.48,43.32,34.92,43.32,37.75,38.66,34.65,31.24,46.56,45.16,56.82,26.93,1657600,7.6,911500
2021,1,10,36.4,44.03,36.34,44.95,41.84,39.31,31.79,29.33,37.13,39.75,43.74,25.74,2606000,6.3,1458000
2021,2,10,36.65,42.03,36.14,43.29,42.61,39.94,32.22,30.17,37.46,40.26,45.09,26.9,2608647,5.2,1459300
2021,3,10,36.16,43.54,36.57,41.99,41.28,39.12,32.3,32.68,35.71,40.87,44.06,24.55,2611296,5.7,1474400
2021,4,10,39.29,42.3,35.48,43.22,44.17,37.57,32.56,32.68,36.78,39.35,42.7,24.57,2613944,4.5,1482200
2021,5,10,36.24,42.29,35.29,44.52,43.47,39.13,33.24,32.31,35.18,40.01,43.26,23.88,2616592,4.6,1488200
2021,6,10,36.46,43.22,35.59,42.69,45.35,39.02,32.95,30.76,33.92,41.4,44.63,23.87,2619240,6.3,1497300
2021,7,10,36.74,42.6,36.12,43.55,43.68,37.51,34,30.62,35.57,41.22,44.23,25.3,2621888,6.5,1513800
2021,8,10,35.79,42.91,35.98,43.65,44.68,37.39,34.26,35.69,35.9,42.3,45.22,24.69,2624536,4.9,1530400
2021,9,10,35.49,45.07,34.27,44.96,44.92,38.99,33.5,34.42,35.57,42.98,44.84,24.83,2627184,4.4,1529900
2021,10,10,38.62,44.95,35.24,44.35,43.61,37.24,34.56,35.29,34.09,41.97,46.22,24.7,2629832,5.9,1527000
2021,11,10,36.79,45.12,35.54,44.37,45.12,37.05,33.17,34.92,34.82,41.23,45.85,24.08,2632480,6,1522900
2021,12,10,38.43,45.52,33.05,44.19,46.95,36.66,32.99,35.57,35.29,45.19,46.94,26.41,2635128,5.4,1523600
2022,1,10,38.21,45.64,33.87,45.63,44.82,37.63,32.54,34.4,35.31,43.57,46.28,25.71,2635050,6.8,1519400
2022,2,10,38.27,42.5,34.1,44.93,44.68,36.71,34.02,34.78,36.8,44.34,46.74,25.69,2638103,4.9,1524000
2022,3,10,38,40.91,34,44.57,44.92,37.06,33.41,36.73,36.45,43.85,46.86,26.64,2641156,4.9,1529100
2022,4,10,39.93,41.69,34.94,46.33,48.66,37.76,33.25,37.88,38.37,42.67,45.35,26.42,2644209,6.9,1540600
2022,5,10,39.07,43.66,33.9,46.54,46.61,38.84,33.35,36.54,37.08,43.44,45.56,26.86,2647262,6.2,1545800
2022,6,10,41.9,43.17,35.96,46.48,46.42,39.43,35.08,36.07,36.98,41.9,44.41,25.45,2650315,5,1549200
2022,7,10,40.02,42.32,38.37,46.04,46.29,36.8,34.18,36.07,39.16,41.23,44.67,26,2653368,4.5,1551500
2022,8,10,39.72,40.49,37.16,44.09,49.77,36.76,34.57,35.36,38.28,41.71,45.6,27.18,2656421,6.2,1552600
2022,9,10,39.38,40.97,36.69,45.73,48.06,38.8,35.17,38.16,38.73,39.89,44.71,28.55,2659474,5.9,1556200
2022,10,10,39.39,41.41,38.64,45.16,46.29,42.05,34.16,36.52,38.85,41.51,46.35,30.97,2662527,5.8,1556400
2022,11,10,39.94,40.53,37.27,45.83,46.61,41,34.92,35.97,37.57,42.54,46.78,29.55,2665580,7.2,1553500
2022,12,10,39.81,40.08,39.09,46,44.23,42.06,36.93,36.48,37.31,41.38,45.52,29.07,2668633,5.6,1548700
2023,1,10,42.76,40.57,40.59,45.74,46.14,42.54,36.72,38.51,37.08,42.46,48.49,28.94,2671686,5.4,1543500
2023,2,10,41.92,39.47,40.14,47.17,48.21,42.42,35.34,37.35,35.48,43.79,48.68,30.17,2674739,7.2,1546500
2023,3,10,41.46,40.01,41.1,49.34,45.48,43.08,35.83,36.09,36.35,43.08,47.31,29.34,2677792,5.9,1549900
2023,4,10,42.13,41.12,40.71,47.98,48.68,43.73,36.23,35.45,37.19,41.96,47.29,29.43,2680845,5.7,1557300
2023,5,10,42.56,43.31,41.47,49.38,43.88,44.66,36.6,37.07,39.29,41.8,46.88,29.85,2683898,5.3,1565000
2023,6,10,42.29,45.01,39.2,48.88,45.95,43.93,36.82,37.5,39.3,41.19,47.63,29.27,2686951,6.2,1574100
2023,7,10,41.32,43.02,40.6,49.47,49.03,41.13,37.17,36.75,37.96,41.25,46.84,29.36,2690004,6.1,1583000
2023,8,10,41.21,43.51,39.13,48.34,46.44,40.85,37.73,35.51,36.54,40.76,46.4,30.41,2693057,6.3,1588500
2023,9,10,41.58,42.67,41.51,47.58,51.33,43.66,38.43,37.4,36.84,41.18,46.13,28.12,2696110,7.1,1598100
2023,10,10,40.86,42.62,39.98,47.66,48.92,41.94,42.24,37.1,36.99,40.67,46.91,28.05,2699163,5.6,1607100
2023,11,10,40.62,44.4,40.72,48.82,50.7,42.9,39.79,36.08,37.56,43.38,47.34,26.45,2702216,5.5,1610500
2023,12,10,41.21,43.02,39.98,47.66,48.92,41.94,38.43,37.4,36.54,40.76,46.4,30.41,2705269,7.2,1610900
