Year,Month,City_ID,Age_0_to_14_years,Age_15_to_64_yrs,Age_65_yrs_and_over,Age_85_yrs_and_over,Female,Male,Married_or_living_common_law,Not_married_and_not_living_common_law,FirstOfficialLanguage,English,French,English_and_French,Neither_English_nor_French
2021,1,1,966421,4224485,993036,131947,3169142,3014809,2877021,2340505,1,5765765,69309,48843,259126
2021,1,2,719700,2793411,765770,103045,2180996,2097880,1916828,1642348,1,860888,3025027,281420,65878
2021,1,3,273341,1005781,196736,22289,742331,733527,712993,489520,1,1404815,19629,7145,32836
2021,1,4,170938,693005,173925,22583,531894,505979,484076,382853,1,825361,158529,26206,15014
2021,1,5,262455,947545,201674,24186,708875,702803,658855,490364,1,1343400,25328,6572,22827
2021,1,6,68758,313098,79695,30569,250729,216071,221164,171114,1,443914,10222,1621,2432
2021,1,7,371387,1803586,276379,58621,1342595,1288270,1277013,982470,1,2429437,25910,14269,137861
2021,1,8,98177,385423,88782,11460,290723,284834,271008,203197,1,548672,5592,2683,10423
2021,1,9,140567,551317,139046,18272,420566,410369,380787,309575,1,781901,24886,3586,12240
2021,1,10,47115,163177,38070,5337,125653,122714,114733,86519,1,239249,2453,603,2800
2021,2,1,966078,4226996,995437,132249,3171247,3017274,2879143,2343295,1,5770445,69247,48789,259195
2021,2,2,720206,2794439,767450,103265,2182478,2099612,1918105,1643779,1,862586,3025814,282072,65953
2021,2,3,273553,1006275,197517,22347,743132,734213,713626,490161,1,1406283,19597,7134,32896
2021,2,4,169934,689348,173481,22536,529272,503495,481612,381216,1,825161,154286,26116,15011
2021,2,5,262799,948117,202370,24238,709733,703558,659415,491072,1,1345020,25290,6567,22875
2021,2,6,68905,313695,79990,29987,247689,218836,221674,171624,1,444942,10228,1628,2438
2021,2,7,371553,1805186,274398,58752,1344048,1289808,1278511,983796,1,2432368,25914,14266,137918
2021,2,8,98280,385955,89013,11484,290326,285303,271364,203604,1,549522,5589,2685,10453
2021,2,9,140705,551777,139384,18278,420993,410878,381188,309973,1,782857,24861,3597,12261
2021,2,10,47169,163230,38175,5345,125761,122818,114807,86603,1,239449,2451,604,2804
2021,3,1,965736,4229507,997838,132551,3173351,3019740,2881265,2346085,1,5775125,69184,48734,259263
2021,3,2,720712,2795466,769130,103485,2183961,2101343,1919382,1645209,1,864284,3026601,282723,66029
2021,3,3,273766,1006768,198298,22405,743933,734899,714259,490803,1,1407750,19565,7123,32955
2021,3,4,168929,685690,173037,22489,526649,501012,479148,379579,1,824960,150042,26026,15007
2021,3,5,263142,948688,203067,24291,710590,704312,659975,491780,1,1346640,25252,6561,22923
2021,3,6,69051,314292,80285,29405,244650,221601,222185,172135,1,445969,10234,1635,2444
2021,3,7,371719,1806786,272417,58883,1345500,1291345,1280009,985122,1,2435298,25918,14262,137976
2021,3,8,98383,386487,89244,11508,289929,285772,271719,204011,1,550371,5586,2687,10484
2021,3,9,140844,552236,139723,18283,421420,411387,381589,310370,1,783813,24835,3608,12282
2021,3,10,47223,163284,38280,5354,125869,122922,114882,86687,1,239650,2449,604,2808
2021,4,1,965393,4232019,1000239,132853,3175456,3022205,2883388,2348875,1,5779805,69122,48680,259332
2021,4,2,721219,2796493,770810,103705,2185443,2103074,1920658,1646640,1,865982,3027388,283374,66104
2021,4,3,273978,1007262,199079,22462,744734,735584,714892,491444,1,1409218,19532,7111,33015
2021,4,4,167925,682033,172594,22442,524027,498528,476684,377942,1,824760,145799,25935,15004
2021,4,5,263486,949259,203763,24343,711448,705066,660535,492487,1,1348260,25213,6556,22972
2021,4,6,69198,314888,80580,28822,241610,224365,222695,172645,1,446997,10239,1643,2449
2021,4,7,371884,1808385,270436,59014,1346953,1292883,1281507,986449,1,2438229,25921,14259,138033
2021,4,8,98487,387018,89474,11531,289532,286241,272075,204418,1,551221,5583,2688,10514
2021,4,9,140982,552696,140061,18289,421848,411896,381989,310768,1,784769,24810,3619,12304
2021,4,10,47276,163337,38385,5362,125977,123026,114956,86771,1,239850,2447,605,2811
2021,5,1,965050,4234530,1002640,133155,3177560,3024670,2885510,2351665,1,5784485,69060,48625,259400
2021,5,2,721725,2797520,772490,103925,2186925,2104805,1921935,1648070,1,867680,3028175,284025,66180
2021,5,3,274190,1007755,199860,22520,745535,736270,715525,492085,1,1410685,19500,7100,33075
2021,5,4,166920,678375,172150,22395,521405,496045,474220,376305,1,824560,141555,25845,15000
2021,5,5,263830,949830,204460,24395,712305,705820,661095,493195,1,1349880,25175,6550,23020
2021,5,6,69345,315485,80875,28240,238570,227130,223205,173155,1,448025,10245,1650,2455
2021,5,7,372050,1809985,268455,59145,1348405,1294420,1283005,987775,1,2441160,25925,14255,138090
2021,5,8,98590,387550,89705,11555,289135,286710,272430,204825,1,552070,5580,2690,10545
2021,5,9,141120,553155,140400,18295,422275,412405,382390,311165,1,785725,24785,3630,12325
2021,5,10,47330,163390,38490,5370,126085,123130,115030,86855,1,240050,2445,605,2815
2021,6,1,964707,4237041,1005041,133457,3179665,3027135,2887632,2354455,1,5789165,68998,48571,259468
2021,6,2,722231,2798547,774170,104145,2188407,2106536,1923212,1649501,1,869378,3028962,284676,66256
2021,6,3,274402,1008248,200641,22578,746336,736956,716158,492726,1,1412152,19468,7089,33135
2021,6,4,165915,674718,171706,22348,518783,493562,471756,374668,1,824360,137312,25755,14996
2021,6,5,264174,950401,205157,24447,713163,706574,661655,493903,1,1351500,25137,6544,23068
2021,6,6,69492,316082,81170,27658,235530,224365,223715,173665,1,449053,10251,1657,2461
2021,6,7,372216,1811585,266474,59276,1349858,1295957,1284503,989101,1,2444091,25929,14252,138147
2021,6,8,98693,388082,89936,11579,289532,287179,272785,205232,1,552919,5577,2692,10576
2021,6,9,141258,553615,140739,18301,422702,412914,382791,311562,1,786681,24760,3641,12346
2021,6,10,47384,163443,38595,5378,126193,123234,115104,86939,1,240250,2443,605,2819
2021,7,1,964365,4239553,1007442,133759,3181769,3029601,2889755,2357245,1,5793845,68936,48516,259537
2021,7,2,722738,2799574,775850,104365,2189890,2108267,1924488,1650931,1,871076,3029749,285327,66331
2021,7,3,274615,1008742,201422,22636,747137,737641,716791,493368,1,1413620,19436,7077,33195
2021,7,4,164911,671060,171263,22301,516161,491078,469292,373031,1,824160,133068,25665,14993
2021,7,5,264518,950972,205853,24500,714020,707328,662215,494611,1,1353120,25098,6539,23117
2021,7,6,69639,316679,81465,27076,232491,221601,224226,174176,1,450081,10257,1665,2466
2021,7,7,372381,1813184,264493,59407,1351310,1297495,1286001,990428,1,2447022,25932,14248,138205
2021,7,8,98797,388613,90167,11603,289929,287648,273141,205639,1,553769,5574,2694,10606
2021,7,9,141397,554074,141077,18307,423130,413423,383192,311960,1,787637,24735,3652,12368
2021,7,10,47438,163497,38700,5387,126301,123338,115179,87023,1,240451,2441,606,2822
2021,8,1,964022,4242064,1009843,134061,3183874,3032066,2891877,2360035,1,5798525,68874,48462,259605
2021,8,2,723244,2800602,777530,104585,2191372,2109999,1925765,1652362,1,872774,3030536,285979,66407
2021,8,3,274827,1009235,202203,22693,747938,738327,717424,494009,1,1415087,19403,7066,33255
2021,8,4,163906,667403,170819,22254,513539,488595,466828,371394,1,823960,128825,25574,14989
2021,8,5,264862,951544,206550,24552,714878,708083,662775,495318,1,1354740,25060,6533,23165
2021,8,6,69786,317275,81760,26493,229451,218836,224736,174686,1,451109,10262,1672,2472
2021,8,7,372547,1814784,262512,59538,1352763,1299032,1287499,991754,1,2449953,25936,14245,138262
2021,8,8,98900,389145,90397,11626,290326,288117,273496,206046,1,554618,5571,2695,10637
2021,8,9,141535,554534,141416,18313,423557,413932,383592,312357,1,788593,24710,3663,12389
2021,8,10,47491,163550,38805,5395,126409,123442,115253,87107,1,240651,2439,606,2826
2021,9,1,963679,4244575,1012244,134363,3185978,3034531,2893999,2362825,1,5803205,68811,48407,259674
2021,9,2,723750,2801629,779210,104805,2192854,2111730,1927042,1653792,1,874472,3031323,286630,66482
2021,9,3,275039,1009729,202984,22751,748739,739013,718057,494650,1,1416555,19371,7055,33314
2021,9,4,162902,663745,170375,22207,510916,486111,464364,369757,1,823759,124581,25484,14986
2021,9,5,265205,952115,207246,24604,715735,708837,663335,496026,1,1356360,25022,6528,23213
2021,9,6,69932,317872,82055,25911,226411,216071,225246,175196,1,452136,10268,1679,2478
2021,9,7,372713,1816384,260531,59669,1354215,1300570,1288997,993080,1,2452883,25940,14241,138319
2021,9,8,99003,389677,90628,11650,290723,288586,273852,206453,1,555468,5568,2697,10667
2021,9,9,141673,554993,141754,18318,423984,414441,383993,312755,1,789549,24684,3674,12410
2021,9,10,47545,163603,38910,5403,126517,123546,115327,87191,1,240851,2437,607,2830
2021,10,1,963336,4247087,1014645,134665,3188083,3036996,2896122,2365615,1,5807885,68749,48353,259742
2021,10,2,724257,2802656,780890,105025,2194336,2113461,1928318,1655223,1,876170,3032110,287281,66558
2021,10,3,275251,1010222,203765,22809,749540,739698,718690,495291,1,1418022,19339,7043,33374
2021,10,4,161897,660088,169932,22160,508294,483628,461900,368120,1,823559,120338,25394,14982
2021,10,5,265549,952686,207943,24656,716593,709591,663895,496734,1,1357980,24983,6522,23262
2021,10,6,70079,318469,82350,25329,223371,213306,225756,175706,1,453164,10274,1687,2483
2021,10,7,372878,1817983,258550,59800,1355668,1302107,1290495,994407,1,2455814,25943,14238,138376
2021,10,8,99107,390208,90859,11674,291120,289055,274207,206860,1,556317,5565,2699,10698
2021,10,9,141811,555453,142093,18324,424412,414950,384394,313152,1,790505,24659,3685,12432
2021,10,10,47599,163656,39015,5411,126625,123650,115401,87275,1,241051,2435,607,2833
2021,11,1,962994,4249598,1017046,134968,3190187,3039462,2898244,2368406,1,5812565,68687,48298,259811
2021,11,2,724763,2803683,782570,105246,2195819,2115192,1929595,1656653,1,877868,3032897,287932,66634
2021,11,3,275464,1010716,204546,22867,750341,740384,719323,495933,1,1419490,19307,7032,33434
2021,11,4,160893,656430,169488,22114,505672,481145,459436,366483,1,823359,116094,25304,14979
2021,11,5,265893,953257,208640,24709,717450,710345,664455,497442,1,1359600,24945,6517,23310
2021,11,6,70226,319066,82645,24747,220332,210542,226267,176217,1,454192,10280,1694,2489
2021,11,7,373044,1819583,256569,59932,1357120,1303645,1291993,995733,1,2458745,25947,14234,138434
2021,11,8,99210,390740,91090,11698,291517,289524,274563,207268,1,557167,5562,2701,10729
2021,11,9,141950,555912,142432,18330,424839,415460,384795,313550,1,791461,24634,3697,12453
2021,11,10,47653,163710,39121,5420,126734,123755,115476,87360,1,241252,2434,608,2837
2021,12,1,962651,4252109,1019447,135270,3192292,3041927,2900366,2371196,1,5817244,68625,48244,259879
2021,12,2,725269,2804710,784250,105466,2197301,2116923,1930872,1658084,1,879565,3033684,288583,66709
2021,12,3,275676,1011209,205326,22924,751141,741070,719955,496574,1,1420957,19274,7021,33494
2021,12,4,159888,652773,169044,22067,503050,478661,456971,364845,1,823159,111851,25213,14975
2021,12,5,266237,953828,209336,24761,718308,711099,665014,498149,1,1361219,24907,6511,23358
2021,12,6,70373,319662,82940,24164,217292,207777,226777,176727,1,455220,10285,1701,2495
2021,12,7,373210,1821183,254588,60063,1358573,1305182,1293491,997059,1,2461676,25951,14231,138491
2021,12,8,99313,391272,91320,11721,291913,289992,274918,207675,1,558016,5559,2702,10759
2021,12,9,142088,556372,142770,18336,425266,415969,385195,313947,1,792416,24609,3708,12474
2021,12,10,47706,163763,39226,5428,126842,123859,115550,87444,1,241452,2432,608,2841
2022,1,1,962308,4254621,1021848,135572,3194396,3044392,2902489,2373986,1,5821924,68563,48189,259947
2022,1,2,725776,2805737,785930,105686,2198783,2118654,1932148,1659514,1,881263,3034471,289234,66785
2022,1,3,275888,1011702,206107,22982,751942,741755,720588,497215,1,1422424,19242,7009,33554
2022,1,4,158883,649115,168601,22020,500428,476178,454507,363208,1,822959,107607,25123,14971
2022,1,5,266581,954399,210033,24813,719165,711853,665574,498857,1,1362839,24868,6505,23407
2022,1,6,70520,320259,83235,23582,214252,205012,227287,177237,1,456248,10291,1709,2500
2022,1,7,373375,1822782,252607,60194,1360025,1306719,1294989,998386,1,2464607,25954,14227,138548
2022,1,8,99417,391803,91551,11745,292310,290461,275273,208082,1,558865,5556,2704,10790
2022,1,9,142226,556831,143109,18342,425694,416478,385596,314344,1,793372,24584,3719,12496
2022,1,10,47760,163816,39331,5436,126950,123963,115624,87528,1,241652,2430,608,2844
2022,2,1,961965,4257132,1024249,135874,3196501,3046857,2904611,2376776,1,5826604,68501,48135,260016
2022,2,2,726282,2806765,787610,105906,2200265,2120386,1933425,1660945,1,882961,3035258,289886,66860
2022,2,3,276100,1012196,206888,23040,752743,742441,721221,497856,1,1423892,19210,6998,33614
2022,2,4,157879,645458,168157,21973,497806,473694,452043,361571,1,822759,103364,25033,14968
2022,2,5,266925,954971,210729,24865,720023,712608,666134,499565,1,1364459,24830,6500,23455
2022,2,6,70667,320856,83530,23000,211212,202247,227797,177747,1,457276,10297,1716,2506
2022,2,7,373541,1824382,250626,60325,1361478,1308257,1296487,999712,1,2467538,25958,14224,138605
2022,2,8,99520,392335,91782,11769,292707,290930,275629,208489,1,559715,5553,2706,10820
2022,2,9,142364,557291,143447,18348,426121,416987,385997,314742,1,794328,24559,3730,12517
2022,2,10,47814,163869,39436,5444,127058,124067,115698,87612,1,241852,2428,609,2848
2022,3,1,961623,4259643,1026650,136176,3198605,3049323,2906733,2379566,1,5831284,68438,48080,260084
2022,3,2,726788,2807792,789290,106126,2201748,2122117,1934702,1662375,1,884659,3036045,290537,66936
2022,3,3,276313,1012689,207669,23098,753544,743127,721854,498498,1,1425359,19178,6987,33673
2022,3,4,156874,641800,167713,21926,495183,471211,449579,359934,1,822558,99120,24943,14964
2022,3,5,267268,955542,211426,24918,720880,713362,666694,500273,1,1366079,24792,6494,23503
2022,3,6,70813,321453,83825,22418,208173,199483,228308,178258,1,458303,10303,1723,2512
2022,3,7,373707,1825982,248645,60456,1362930,1309794,1297985,1001038,1,2470468,25962,14220,138663
2022,3,8,99623,392867,92013,11793,293104,291399,275984,208896,1,560564,5550,2708,10851
2022,3,9,142503,557750,143786,18353,426548,417496,386398,315139,1,795284,24533,3741,12538
2022,3,10,47868,163923,39541,5453,127166,124171,115773,87696,1,242053,2426,609,2852
2022,4,1,961280,4262155,1029051,136478,3200710,3051788,2908856,2382356,1,5835964,68376,48026,260153
2022,4,2,727295,2808819,790970,106346,2203230,2123848,1935978,1663806,1,886357,3036832,291188,67011
2022,4,3,276525,1013183,208450,23155,754345,743812,722487,499139,1,1426827,19145,6975,33733
2022,4,4,155870,638143,167270,21879,492561,468727,447115,358297,1,822358,94877,24852,14961
2022,4,5,267612,956113,212122,24970,721738,714116,667254,500980,1,1367699,24753,6489,23552
2022,4,6,70960,322049,84120,21835,205133,196718,228818,178768,1,459331,10308,1731,2517
2022,4,7,373872,1827581,246664,60587,1364383,1311332,1299483,1002365,1,2473399,25965,14217,138720
2022,4,8,99727,393398,92243,11816,293501,291868,276340,209303,1,561414,5547,2709,10881
2022,4,9,142641,558210,144124,18359,426976,418005,386798,315537,1,796240,24508,3752,12560
2022,4,10,47921,163976,39646,5461,127274,124275,115847,87780,1,242253,2424,610,2855
2022,5,1,960937,4264666,1031452,136780,3202814,3054253,2910978,2385146,1,5840644,68314,47971,260221
2022,5,2,727801,2809846,792650,106566,2204712,2125579,1937255,1665236,1,888055,3037619,291839,67087
2022,5,3,276737,1013676,209231,23213,755146,744498,723120,499780,1,1428294,19113,6964,33793
2022,5,4,154865,634485,166826,21832,489939,466244,444651,356660,1,822158,90633,24762,14957
2022,5,5,267956,956684,212819,25022,722595,714870,667814,501688,1,1369319,24715,6483,23600
2022,5,6,71107,322646,84415,21253,202093,193953,229328,179278,1,460359,10314,1738,2523
2022,5,7,374038,1829181,244683,60718,1365835,1312869,1300981,1003691,1,2476330,25969,14213,138777
2022,5,8,99830,393930,92474,11840,293898,292337,276695,209710,1,562263,5544,2711,10912
2022,5,9,142779,558669,144463,18365,427403,418514,387199,315934,1,797196,24483,3763,12581
2022,5,10,47975,164029,39751,5469,127382,124379,115921,87864,1,242453,2422,610,2859
2022,6,1,960594,4267177,1033853,137082,3204919,3056718,2913100,2387936,1,5845324,68252,47917,260289
2022,6,2,728307,2810873,794330,106786,2206194,2127310,1938532,1666667,1,889753,3038406,292490,67163
2022,6,3,276949,1014169,210012,23271,755947,745184,723753,500421,1,1429761,19081,6953,33853
2022,6,4,153860,630828,166382,21785,487317,463761,442187,355023,1,821958,86390,24672,14953
2022,6,5,268300,957255,213516,25074,723453,715624,668374,502396,1,1370939,24677,6477,23648
2022,6,6,71254,323243,84710,20671,199053,191188,229838,179788,1,461387,10320,1745,2529
2022,6,7,374204,1830781,242702,60849,1367288,1314406,1302479,1005017,1,2479261,25973,14210,138834
2022,6,8,99933,394462,92705,11864,294295,292806,277050,210117,1,563112,5541,2713,10943
2022,6,9,142917,559129,144802,18371,427830,419023,387600,316331,1,798152,24458,3774,12602
2022,6,10,48029,164082,39856,5477,127490,124483,115995,87948,1,242653,2420,610,2863
2022,7,1,960252,4269689,1036254,137384,3207023,3059184,2915223,2390726,1,5850004,68190,47862,260358
2022,7,2,728814,2811900,796010,107006,2207677,2129041,1939808,1668097,1,891451,3039193,293141,67238
2022,7,3,277162,1014663,210793,23329,756748,745869,724386,501063,1,1431229,19049,6941,33913
2022,7,4,152856,627170,165939,21738,484695,461277,439723,353386,1,821758,82146,24582,14950
2022,7,5,268644,957826,214212,25127,724310,716378,668934,503104,1,1372559,24638,6472,23697
2022,7,6,71401,323840,85005,20089,196014,188424,230349,180299,1,462415,10326,1753,2534
2022,7,7,374369,1832380,240721,60980,1368740,1315944,1303977,1006344,1,2482192,25976,14206,138892
2022,7,8,100037,394993,92936,11888,294692,293275,277406,210524,1,563962,5538,2715,10973
2022,7,9,143056,559588,145140,18377,428258,419532,388001,316729,1,799108,24433,3785,12624
2022,7,10,48083,164136,39961,5486,127598,124587,116070,88032,1,242854,2418,611,2866
2022,8,1,959909,4272200,1038655,137686,3209128,3061649,2917345,2393516,1,5854684,68127,47808,260426
2022,8,2,729320,2812928,797690,107226,2209159,2130773,1941085,1669528,1,893149,3039980,293793,67314
2022,8,3,277374,1015156,211574,23386,757549,746555,725019,501704,1,1432696,19016,6930,33973
2022,8,4,151851,623513,165495,21691,482073,458794,437259,351749,1,821558,77903,24491,14946
2022,8,5,268988,958397,214909,25179,725168,717132,669494,503811,1,1374179,24600,6466,23745
2022,8,6,71547,324436,85300,19506,192974,185659,230859,180809,1,463443,10331,1760,2540
2022,8,7,374535,1833980,238740,61111,1370193,1317481,1305475,1007670,1,2485123,25980,14203,138949
2022,8,8,100140,395525,93166,11911,295089,293744,277761,210931,1,564811,5535,2716,11004
2022,8,9,143194,560048,145479,18383,428685,420041,388401,317126,1,800064,24408,3796,12645
2022,8,10,48136,164189,40066,5494,127706,124691,116144,88116,1,243054,2416,611,2870
2022,9,1,959566,4274711,1041056,137988,3211232,3064114,2919467,2396306,1,5859364,68065,47753,260495
2022,9,2,729826,2813955,799370,107446,2210641,2132504,1942362,1670958,1,894847,3040767,294444,67389
2022,9,3,277586,1015650,212355,23444,758350,747241,725652,502345,1,1434164,18984,6919,34032
2022,9,4,150847,619855,165051,21644,479450,456310,434795,350112,1,821357,73659,24401,14943
2022,9,5,269331,958969,215605,25231,726025,717887,670054,504519,1,1375799,24562,6461,23793
2022,9,6,71694,325033,85595,18924,189934,182894,231369,181319,1,464470,10337,1767,2546
2022,9,7,374701,1835580,236759,61242,1371645,1319019,1306973,1008996,1,2488053,25984,14199,139006
2022,9,8,100243,396057,93397,11935,295486,294213,278117,211338,1,565661,5532,2718,11034
2022,9,9,143332,560507,145817,18388,429112,420550,388802,317524,1,801020,24382,3807,12666
2022,9,10,48190,164242,40171,5502,127814,124795,116218,88200,1,243254,2414,612,2874
2022,10,1,959223,4277223,1043457,138290,3213337,3066579,2921590,2399096,1,5864044,68003,47699,260563
2022,10,2,730333,2814982,801050,107666,2212123,2134235,1943638,1672389,1,896545,3041554,295095,67465
2022,10,3,277798,1016143,213136,23502,759151,747926,726285,502986,1,1435631,18952,6907,34092
2022,10,4,149842,616198,164608,21597,476828,453827,432331,348475,1,821157,69416,24311,14939
2022,10,5,269675,959540,216302,25283,726883,718641,670614,505227,1,1377419,24523,6455,23842
2022,10,6,71841,325630,85890,18342,186894,180129,231879,181829,1,465498,10343,1775,2551
2022,10,7,374866,1837179,234778,61373,1373098,1320556,1308471,1010323,1,2490984,25987,14196,139063
2022,10,8,100347,396588,93628,11959,295883,294682,278472,211745,1,566510,5529,2720,11065
2022,10,9,143470,560967,146156,18394,429540,421059,389203,317921,1,801976,24357,3818,12688
2022,10,10,48244,164295,40276,5510,127922,124899,116292,88284,1,243454,2412,612,2877
2022,11,1,958881,4279734,1045858,138593,3215441,3069045,2923712,2401887,1,5868724,67941,47644,260632
2022,11,2,730839,2816009,802730,107887,2213606,2135966,1944915,1673819,1,898242,3042341,295746,67540
2022,11,3,278011,1016637,213917,23560,759951,748612,726917,503628,1,1437099,18920,6896,34152
2022,11,4,148838,612540,164164,21551,474206,451344,429867,346838,1,820957,65172,24221,14936
2022,11,5,270019,960111,216999,25336,727740,719395,671173,505935,1,1379039,24485,6450,23890
2022,11,6,71988,326227,86185,17760,183855,177365,232390,182340,1,466526,10349,1782,2557
2022,11,7,375032,1838779,232797,61505,1374550,1322094,1309969,1011649,1,2493915,25991,14192,139121
2022,11,8,100450,397120,93859,11983,296280,295151,278828,212153,1,567359,5526,2722,11096
2022,11,9,143609,561426,146495,18400,429967,421569,389604,318319,1,802931,24332,3830,12709
2022,11,10,48298,164349,40382,5519,128031,125004,116367,88368,1,243655,2411,612,2881
2022,12,1,958538,4282245,1048259,138895,3217546,3071510,2925834,2404677,1,5873403,67879,47590,260700
2022,12,2,731345,2817036,804410,108107,2215088,2137697,1946192,1675250,1,899940,3043128,296397,67616
2022,12,3,278223,1017130,214697,23617,760752,749298,727550,504269,1,1438566,18887,6885,34212
2022,12,4,147833,608883,163720,21504,471584,448860,427402,345200,1,820757,60929,24130,14932
2022,12,5,270363,960682,217695,25388,728598,720149,671733,506642,1,1380658,24447,6444,23938
2022,12,6,72135,326823,86480,17177,180815,174600,232900,182850,1,467554,10354,1789,2563
2022,12,7,375198,1840379,230816,61636,1376003,1323631,1311467,1012975,1,2496846,25995,14189,139178
2022,12,8,100553,397652,94089,12006,296676,295619,279183,212560,1,568209,5523,2723,11126
2022,12,9,143747,561886,146833,18406,430394,422078,390004,318716,1,803887,24307,3841,12730
2022,12,10,48351,164402,40487,5527,128139,125108,116441,88453,1,243855,2409,613,2885
2023,1,1,958195,4284757,1050660,139197,3219650,3073975,2927957,2407467,1,5878083,67817,47535,260768
2023,1,2,731852,2818063,806090,108327,2216570,2139428,1947468,1676680,1,901638,3043915,297048,67692
2023,1,3,278435,1017623,215478,23675,761553,749983,728183,504910,1,1440033,18855,6873,34272
2023,1,4,146828,605225,163277,21457,468962,446377,424938,343563,1,820557,56685,24040,14928
2023,1,5,270707,961253,218392,25440,729455,720903,672293,507350,1,1382278,24408,6438,23987
2023,1,6,72282,327420,86775,16595,177775,171835,233410,183360,1,468582,10360,1797,2568
2023,1,7,375363,1841978,228835,61767,1377455,1325168,1312965,1014302,1,2499777,25998,14185,139235
2023,1,8,100657,398183,94320,12030,297073,296088,279538,212967,1,569058,5520,2725,11157
2023,1,9,143885,562345,147172,18412,430822,422587,390405,319113,1,804843,24282,3852,12752
2023,1,10,48405,164455,40592,5535,128247,125212,116515,88537,1,244055,2407,613,2888
2023,2,1,957852,4287268,1053061,139499,3221755,3076440,2930079,2410257,1,5882763,67754,47481,260837
2023,2,2,732358,2819091,807770,108547,2218052,2141160,1948745,1678111,1,903336,3044702,297700,67767
2023,2,3,278647,1018117,216259,23733,762354,750669,728816,505551,1,1441501,18823,6862,34332
2023,2,4,145824,601568,162833,21410,466340,443893,422474,341926,1,820357,52442,23950,14925
2023,2,5,271051,961824,219088,25492,730313,721657,672853,508058,1,1383898,24370,6433,24035
2023,2,6,72428,328017,87070,16013,174735,169070,233920,183870,1,469610,10366,1804,2574
2023,2,7,375529,1843578,226854,61898,1378908,1326706,1314463,1015628,1,2502708,26002,14182,139292
2023,2,8,100760,398715,94551,12054,297470,296557,279894,213374,1,569908,5517,2727,11187
2023,2,9,144023,562805,147510,18418,431249,423096,390806,319511,1,805799,24257,3863,12773
2023,2,10,48459,164508,40697,5543,128355,125316,116589,88621,1,244255,2405,614,2892
2023,3,1,957510,4289779,1055462,139801,3223859,3078906,2932201,2413047,1,5887443,67692,47426,260905
2023,3,2,732864,2820118,809450,108767,2219535,2142891,1950022,1679541,1,905034,3045489,298351,67843
2023,3,3,278860,1018610,217040,23791,763155,751355,729449,506193,1,1442968,18791,6851,34391
2023,3,4,144819,597910,162389,21363,463717,441410,420010,340289,1,820156,48198,23860,14921
2023,3,5,271394,962396,219785,25545,731170,722412,673413,508766,1,1385518,24332,6427,24083
2023,3,6,72575,328614,87365,15431,171696,166306,234431,184381,1,470637,10372,1811,2580
2023,3,7,375695,1845178,224873,62029,1380360,1328243,1315961,1016954,1,2505638,26006,14178,139350
2023,3,8,100863,399247,94782,12078,297867,297026,280249,213781,1,570757,5514,2729,11218
2023,3,9,144162,563264,147849,18423,431676,423605,391207,319908,1,806755,24231,3874,12794
2023,3,10,48513,164562,40802,5552,128463,125420,116664,88705,1,244456,2403,614,2896
2023,4,1,957167,4292291,1057863,140103,3225964,3081371,2934324,2415837,1,5892123,67630,47372,260974
2023,4,2,733371,2821145,811130,108987,2221017,2144622,1951298,1680972,1,906732,3046276,299002,67918
2023,4,3,279072,1019104,217821,23848,763956,752040,730082,506834,1,1444436,18758,6839,34451
2023,4,4,143815,594253,161946,21316,461095,438926,417546,338652,1,819956,43955,23769,14918
2023,4,5,271738,962967,220481,25597,732028,723166,673973,509473,1,1387138,24293,6422,24132
2023,4,6,72722,329210,87660,14848,168656,163541,234941,184891,1,471665,10377,1819,2585
2023,4,7,375860,1846777,222892,62160,1381813,1329781,1317459,1018281,1,2508569,26009,14175,139407
2023,4,8,100967,399778,95012,12101,298264,297495,280605,214188,1,571607,5511,2730,11248
2023,4,9,144300,563724,148187,18429,432104,424114,391607,320306,1,807711,24206,3885,12816
2023,4,10,48566,164615,40907,5560,128571,125524,116738,88789,1,244656,2401,615,2899
2023,5,1,956824,4294802,1060264,140405,3228068,3083836,2936446,2418627,1,5896803,67568,47317,261042
2023,5,2,733877,2822172,812810,109207,2222499,2146353,1952575,1682402,1,908430,3047063,299653,67994
2023,5,3,279284,1019597,218602,23906,764757,752726,730715,507475,1,1445903,18726,6828,34511
2023,5,4,142810,590595,161502,21269,458473,436443,415082,337015,1,819756,39711,23679,14914
2023,5,5,272082,963538,221178,25649,732885,723920,674533,510181,1,1388758,24255,6416,24180
2023,5,6,72869,329807,87955,14266,165616,160776,235451,185401,1,472693,10383,1826,2591
2023,5,7,376026,1848377,220911,62291,1383265,1331318,1318957,1019607,1,2511500,26013,14171,139464
2023,5,8,101070,400310,95243,12125,298661,297964,280960,214595,1,572456,5508,2732,11279
2023,5,9,144438,564183,148526,18435,432531,424623,392008,320703,1,808667,24181,3896,12837
2023,5,10,48620,164668,41012,5568,128679,125628,116812,88873,1,244856,2399,615,2903
2023,6,1,956481,4297313,1062665,140707,3230173,3086301,2938568,2421417,1,5901483,67506,47263,261110
2023,6,2,734383,2823199,814490,109427,2223981,2148084,1953852,1683833,1,910128,3047850,300304,68070
2023,6,3,279496,1020090,219383,23964,765558,753412,731348,508116,1,1447370,18694,6817,34571
2023,6,4,141805,586938,161058,21222,455851,433960,412618,335378,1,819556,35468,23589,14910
2023,6,5,272426,964109,221875,25701,733743,724674,675093,510889,1,1390378,24217,6410,24228
2023,6,6,73016,330404,88250,13684,162576,158011,235961,185911,1,473721,10389,1833,2597
2023,6,7,376192,1849977,218930,62422,1384718,1332855,1320455,1020933,1,2514431,26017,14168,139521
2023,6,8,101173,400842,95474,12149,299058,298433,281315,215002,1,573305,5505,2734,11310
2023,6,9,144576,564643,148865,18441,432958,425132,392409,321100,1,809623,24156,3907,12858
2023,6,10,48674,164721,41117,5576,128787,125732,116886,88957,1,245056,2397,615,2907
2023,7,1,956139,4299825,1065066,141009,3232277,3088767,2940691,2424207,1,5906163,67444,47208,261179
2023,7,2,734890,2824226,816170,109647,2225464,2149815,1955128,1685263,1,911826,3048637,300955,68145
2023,7,3,279709,1020584,220164,24022,766359,754097,731981,508758,1,1448838,18662,6805,34631
2023,7,4,140801,583280,160615,21175,453229,431476,410154,333741,1,819356,31224,23499,14907
2023,7,5,272770,964680,222571,25754,734600,725428,675653,511597,1,1391998,24178,6405,24277
2023,7,6,73163,331001,88545,13102,159537,155247,236472,186422,1,474749,10395,1841,2602
2023,7,7,376357,1851576,216949,62553,1386170,1334393,1321953,1022260,1,2517362,26020,14164,139579
2023,7,8,101277,401373,95705,12173,299455,298902,281671,215409,1,574155,5502,2736,11340
2023,7,9,144715,565102,149203,18447,433386,425641,392810,321498,1,810579,24131,3918,12880
2023,7,10,48728,164775,41222,5585,128895,125836,116961,89041,1,245257,2395,616,2910
2023,8,1,955796,4302336,1067467,141311,3234382,3091232,2942813,2426997,1,5910843,67381,47154,261247
2023,8,2,735396,2825254,817850,109867,2226946,2151547,1956405,1686694,1,913524,3049424,301607,68221
2023,8,3,279921,1021077,220945,24079,767160,754783,732614,509399,1,1450305,18629,6794,34691
2023,8,4,139796,579623,160171,21128,450606,428993,407690,332104,1,819156,26981,23408,14903
2023,8,5,273113,965251,223268,25806,735458,726182,676213,512304,1,1393618,24140,6399,24325
2023,8,6,73309,331597,88840,12519,156497,152482,236982,186932,1,475776,10400,1848,2608
2023,8,7,376523,1853176,214968,62684,1387623,1335930,1323451,1023586,1,2520293,26024,14161,139636
2023,8,8,101380,401905,95935,12196,299852,299371,282026,215816,1,575004,5499,2737,11371
2023,8,9,144853,565562,149542,18453,433813,426150,393210,321895,1,811535,24106,3929,12901
2023,8,10,48781,164828,41327,5593,129003,125940,117035,89125,1,245457,2393,616,2914
2023,9,1,955453,4304847,1069868,141613,3236486,3093697,2944935,2429787,1,5915523,67319,47099,261316
2023,9,2,735902,2826281,819530,110087,2228428,2153278,1957682,1688124,1,915222,3050211,302258,68296
2023,9,3,280133,1021571,221726,24137,767961,755469,733247,510040,1,1451773,18597,6783,34750
2023,9,4,138792,575965,159727,21081,447984,426509,405226,330467,1,818955,22737,23318,14900
2023,9,5,273457,965823,223964,25858,736315,726937,676773,513012,1,1395238,24102,6394,24373
2023,9,6,73456,332194,89135,11937,153457,149717,237492,187442,1,476804,10406,1855,2614
2023,9,7,376689,1854776,212987,62815,1389075,1337468,1324949,1024912,1,2523223,26028,14157,139693
2023,9,8,101483,402437,96166,12220,300249,299840,282382,216223,1,575854,5496,2739,11401
2023,9,9,144991,566021,149880,18458,434240,426659,393611,322293,1,812491,24080,3940,12922
2023,9,10,48835,164881,41432,5601,129111,126044,117109,89209,1,245657,2391,617,2918
2023,10,1,955110,4307359,1072269,141915,3238591,3096162,2947058,2432577,1,5920203,67257,47045,261384
2023,10,2,736409,2827308,821210,110307,2229910,2155009,1958958,1689555,1,916920,3050998,302909,68372
2023,10,3,280345,1022064,222507,24195,768762,756154,733880,510681,1,1453240,18565,6771,34810
2023,10,4,137787,572308,159284,21034,445362,424026,402762,328830,1,818755,18494,23228,14896
2023,10,5,273801,966394,224661,25910,737173,727691,677333,513720,1,1396858,24063,6388,24422
2023,10,6,73603,332791,89430,11355,150417,146952,238002,187952,1,477832,10412,1863,2619
2023,10,7,376854,1856375,211006,62946,1390528,1339005,1326447,1026239,1,2526154,26031,14154,139750
2023,10,8,101587,402968,96397,12244,300646,300309,282737,216630,1,576703,5493,2741,11432
2023,10,9,145129,566481,150219,18464,434668,427168,394012,322690,1,813447,24055,3951,12944
2023,10,10,48889,164934,41537,5609,129219,126148,117183,89293,1,245857,2389,617,2921
2023,11,1,954768,4309870,1074670,142218,3240695,3098628,2949180,2435368,1,5924883,67195,46990,261453
2023,11,2,736915,2828335,822890,110528,2231393,2156740,1960235,1690985,1,918617,3051785,303560,68447
2023,11,3,280558,1022558,223288,24253,769562,756840,734512,511323,1,1454708,18533,6760,34870
2023,11,4,136783,568650,158840,20988,442740,421542,400298,327193,1,818555,14250,23138,14893
2023,11,5,274145,966965,225358,25963,738030,728445,677892,514428,1,1398478,24025,6383,24470
2023,11,6,73750,333388,89725,10773,147378,144188,238513,188463,1,478860,10418,1870,2625
2023,11,7,377020,1857975,209025,63078,1391980,1340543,1327945,1027565,1,2529085,26035,14150,139808
2023,11,8,101690,403500,96628,12268,301043,300778,283093,217038,1,577552,5490,2743,11463
2023,11,9,145268,566940,150558,18470,435095,427677,394413,323088,1,814402,24030,3963,12965
2023,11,10,48943,164988,41643,5618,129328,126253,117258,89377,1,246058,2388,617,2925
2023,12,1,954425,4312381,1077071,142520,3242800,3101093,2951302,2438158,1,5929562,67133,46936,261521
2023,12,2,737421,2829362,824570,110748,2232875,2158471,1961512,1692416,1,920315,3052572,304211,68523
2023,12,3,280770,1023051,224068,24310,770363,757526,735145,511964,1,1456175,18500,6749,34930
2023,12,4,135778,564993,158396,20941,440118,419059,397833,325555,1,818355,10007,23047,14889
2023,12,5,274489,967536,226054,26015,738888,729199,678452,515135,1,1400097,23987,6377,24518
2023,12,6,73897,333984,90020,10190,144338,141423,239023,188973,1,479888,10423,1877,2631
2023,12,7,377186,1859575,207044,63209,1393433,1342080,1329443,1028891,1,2532016,26039,14147,139865
2023,12,8,101793,404032,96858,12291,301439,301246,283448,217445,1,578402,5487,2744,11493
2023,12,9,145406,567400,150896,18476,435522,428187,394813,323485,1,815358,24005,3974,12986
2023,12,10,48996,165041,41748,5626,129436,126357,117332,89462,1,246258,2386,618,2929
